[{"model": "contenttypes.contenttype", "pk": 1, "fields": {"app_label": "admin", "model": "logentry"}}, {"model": "contenttypes.contenttype", "pk": 2, "fields": {"app_label": "auth", "model": "permission"}}, {"model": "contenttypes.contenttype", "pk": 3, "fields": {"app_label": "auth", "model": "group"}}, {"model": "contenttypes.contenttype", "pk": 4, "fields": {"app_label": "auth", "model": "user"}}, {"model": "contenttypes.contenttype", "pk": 5, "fields": {"app_label": "contenttypes", "model": "contenttype"}}, {"model": "contenttypes.contenttype", "pk": 6, "fields": {"app_label": "sessions", "model": "session"}}, {"model": "contenttypes.contenttype", "pk": 7, "fields": {"app_label": "gestorUsuarios", "model": "adminprofile"}}, {"model": "contenttypes.contenttype", "pk": 8, "fields": {"app_label": "gestorUsuarios", "model": "storeaffiliate"}}, {"model": "contenttypes.contenttype", "pk": 9, "fields": {"app_label": "gestorPolos", "model": "polo"}}, {"model": "contenttypes.contenttype", "pk": 10, "fields": {"app_label": "gestorPolos", "model": "polofavorites"}}, {"model": "contenttypes.contenttype", "pk": 11, "fields": {"app_label": "gestorVentas", "model": "sale"}}, {"model": "contenttypes.contenttype", "pk": 12, "fields": {"app_label": "gestorVentas", "model": "detailsale"}}, {"model": "sessions.session", "pk": "gcar1ao95lddgmso377ps72lwaidihls", "fields": {"session_data": "N2U1MzdhNjdjODkzOWE0NDQ4NzNmYTI0OTJiZGM2MjJmMWVmMzA4ZDp7Il9hdXRoX3VzZXJfaWQiOiIxIiwiX2F1dGhfdXNlcl9iYWNrZW5kIjoiZGphbmdvLmNvbnRyaWIuYXV0aC5iYWNrZW5kcy5Nb2RlbEJhY2tlbmQiLCJfYXV0aF91c2VyX2hhc2giOiI5OGIwZmQ2MDc5MzViNWEwNWNlNTEyOTlkMTAwZmMzMjhlYzc1ZTcxIn0=", "expire_date": "2022-06-13T00:23:19.845Z"}}, {"model": "gestorPolos.polo", "pk": 1, "fields": {"created": "2022-05-29T02:52:13.088Z", "modified": "2022-05-29T19:45:07.198Z", "color": 2, "path_image": "polos/D_NQ_NP_844042-MPE48919252877_012022-O.jpg", "name_modelo": "It", "description": "nunc viverra dapibus nulla suscipit", "price": 81.65, "stock": 4, "talla": "S", "marcas": 1}}, {"model": "gestorPolos.polo", "pk": 2, "fields": {"created": "2022-05-29T02:52:13.360Z", "modified": "2022-05-29T02:52:13.462Z", "color": 3, "path_image": "\\polos\\default.jpg", "name_modelo": "Bamity", "description": "accumsan tortor quis turpis sed ante vivamus tortor", "price": 43.98, "stock": 4, "talla": "L", "marcas": 2}}, {"model": "gestorPolos.polo", "pk": 3, "fields": {"created": "2022-05-29T02:52:13.597Z", "modified": "2022-05-29T02:52:13.697Z", "color": 1, "path_image": "\\polos\\default.jpg", "name_modelo": "Stronghold", "description": "ac est lacinia nisi venenatis tristique fusce", "price": 54.94, "stock": 2, "talla": "S", "marcas": 3}}, {"model": "gestorPolos.polo", "pk": 4, "fields": {"created": "2022-05-29T02:52:13.784Z", "modified": "2022-05-29T02:52:13.880Z", "color": 2, "path_image": "\\polos\\default.jpg", "name_modelo": "Asoka", "description": "elit proin risus praesent lectus vestibulum", "price": 36.7, "stock": 3, "talla": "XL", "marcas": 4}}, {"model": "gestorPolos.polo", "pk": 5, "fields": {"created": "2022-05-29T02:52:13.970Z", "modified": "2022-05-29T02:52:14.071Z", "color": 2, "path_image": "\\polos\\default.jpg", "name_modelo": "Prodder", "description": "sed justo pellentesque viverra pede ac diam", "price": 88.89, "stock": 7, "talla": "L", "marcas": 1}}, {"model": "gestorPolos.polo", "pk": 6, "fields": {"created": "2022-05-29T02:52:14.159Z", "modified": "2022-05-29T02:52:14.254Z", "color": 1, "path_image": "\\polos\\default.jpg", "name_modelo": "Toughjoyfax", "description": "leo pellentesque ultrices mattis odio donec vitae nisi nam", "price": 67.16, "stock": 1, "talla": "S", "marcas": 2}}, {"model": "gestorPolos.polo", "pk": 7, "fields": {"created": "2022-05-29T02:52:14.342Z", "modified": "2022-05-29T02:52:14.439Z", "color": 3, "path_image": "\\polos\\default.jpg", "name_modelo": "Bigtax", "description": "congue etiam justo etiam pretium iaculis justo in", "price": 37.39, "stock": 5, "talla": "S", "marcas": 3}}, {"model": "gestorPolos.polo", "pk": 8, "fields": {"created": "2022-05-29T02:52:14.526Z", "modified": "2022-05-29T02:52:14.619Z", "color": 3, "path_image": "\\polos\\default.jpg", "name_modelo": "Tin", "description": "libero quis orci nullam molestie", "price": 86.28, "stock": 9, "talla": "M", "marcas": 4}}, {"model": "gestorPolos.polo", "pk": 9, "fields": {"created": "2022-05-29T02:52:14.787Z", "modified": "2022-05-29T02:52:14.933Z", "color": 1, "path_image": "\\polos\\default.jpg", "name_modelo": "Otcom", "description": "justo sollicitudin ut suscipit a feugiat et eros vestibulum", "price": 95.9, "stock": 1, "talla": "M", "marcas": 1}}, {"model": "gestorPolos.polo", "pk": 10, "fields": {"created": "2022-05-29T02:52:15.013Z", "modified": "2022-05-29T02:52:15.108Z", "color": 1, "path_image": "\\polos\\default.jpg", "name_modelo": "Keylex", "description": "ante vestibulum ante ipsum primis", "price": 77.96, "stock": 4, "talla": "L", "marcas": 2}}, {"model": "gestorPolos.polo", "pk": 11, "fields": {"created": "2022-05-29T02:52:15.189Z", "modified": "2022-05-29T02:52:15.283Z", "color": 3, "path_image": "\\polos\\default.jpg", "name_modelo": "Stim", "description": "consequat nulla nisl nunc nisl", "price": 79.43, "stock": 1, "talla": "L", "marcas": 3}}, {"model": "gestorPolos.polo", "pk": 12, "fields": {"created": "2022-05-29T02:52:15.363Z", "modified": "2022-05-29T02:52:15.451Z", "color": 3, "path_image": "\\polos\\default.jpg", "name_modelo": "Temp", "description": "ullamcorper purus sit amet nulla quisque arcu libero rutrum", "price": 43.21, "stock": 2, "talla": "L", "marcas": 4}}, {"model": "gestorPolos.polo", "pk": 13, "fields": {"created": "2022-05-29T02:52:15.534Z", "modified": "2022-05-29T02:52:15.625Z", "color": 1, "path_image": "\\polos\\default.jpg", "name_modelo": "Bitwolf", "description": "eget orci vehicula condimentum curabitur in", "price": 62.01, "stock": 7, "talla": "M", "marcas": 1}}, {"model": "gestorPolos.polo", "pk": 14, "fields": {"created": "2022-05-29T02:52:15.705Z", "modified": "2022-05-29T02:52:15.792Z", "color": 3, "path_image": "\\polos\\default.jpg", "name_modelo": "Veribet", "description": "nisl ut volutpat sapien arcu sed augue aliquam erat", "price": 47.66, "stock": 7, "talla": "M", "marcas": 2}}, {"model": "gestorPolos.polo", "pk": 15, "fields": {"created": "2022-05-29T02:52:15.876Z", "modified": "2022-05-29T02:52:15.974Z", "color": 2, "path_image": "\\polos\\default.jpg", "name_modelo": "Fintone", "description": "praesent blandit lacinia erat vestibulum sed magna", "price": 30.29, "stock": 9, "talla": "XL", "marcas": 3}}, {"model": "gestorPolos.polo", "pk": 16, "fields": {"created": "2022-05-29T02:52:16.109Z", "modified": "2022-05-29T02:52:16.196Z", "color": 3, "path_image": "\\polos\\default.jpg", "name_modelo": "Tampflex", "description": "nisi nam ultrices libero non mattis pulvinar nulla pede", "price": 93.47, "stock": 3, "talla": "M", "marcas": 4}}, {"model": "gestorPolos.polo", "pk": 17, "fields": {"created": "2022-05-29T02:52:16.349Z", "modified": "2022-05-29T02:52:16.459Z", "color": 1, "path_image": "\\polos\\default.jpg", "name_modelo": "Span", "description": "ipsum ac tellus semper interdum mauris ullamcorper purus sit", "price": 62.48, "stock": 3, "talla": "XL", "marcas": 1}}, {"model": "gestorPolos.polo", "pk": 18, "fields": {"created": "2022-05-29T02:52:16.584Z", "modified": "2022-05-29T02:52:16.671Z", "color": 1, "path_image": "\\polos\\default.jpg", "name_modelo": "Biodex", "description": "cubilia curae mauris viverra diam vitae", "price": 99.57, "stock": 10, "talla": "L", "marcas": 2}}, {"model": "gestorPolos.polo", "pk": 19, "fields": {"created": "2022-05-29T02:52:16.751Z", "modified": "2022-05-29T02:52:16.854Z", "color": 2, "path_image": "\\polos\\default.jpg", "name_modelo": "Domainer", "description": "nunc viverra dapibus nulla suscipit ligula in lacus", "price": 50.91, "stock": 10, "talla": "XL", "marcas": 3}}, {"model": "gestorPolos.polo", "pk": 20, "fields": {"created": "2022-05-29T02:52:16.944Z", "modified": "2022-05-29T02:52:17.030Z", "color": 2, "path_image": "\\polos\\default.jpg", "name_modelo": "Ventosanzap", "description": "primis in faucibus orci luctus", "price": 71.18, "stock": 2, "talla": "S", "marcas": 4}}, {"model": "gestorPolos.polo", "pk": 21, "fields": {"created": "2022-05-29T02:52:17.117Z", "modified": "2022-05-29T02:52:17.204Z", "color": 3, "path_image": "\\polos\\default.jpg", "name_modelo": "Bitchip", "description": "fermentum donec ut mauris eget massa tempor convallis nulla", "price": 37.93, "stock": 6, "talla": "XL", "marcas": 1}}, {"model": "gestorPolos.polo", "pk": 22, "fields": {"created": "2022-05-29T02:52:17.295Z", "modified": "2022-05-29T02:52:17.372Z", "color": 1, "path_image": "\\polos\\default.jpg", "name_modelo": "Keylex", "description": "vel pede morbi porttitor lorem", "price": 67.2, "stock": 3, "talla": "S", "marcas": 2}}, {"model": "gestorPolos.polo", "pk": 23, "fields": {"created": "2022-05-29T02:52:17.480Z", "modified": "2022-05-29T02:52:17.592Z", "color": 1, "path_image": "\\polos\\default.jpg", "name_modelo": "Latlux", "description": "ut nulla sed accumsan felis ut", "price": 54.38, "stock": 6, "talla": "S", "marcas": 3}}, {"model": "gestorPolos.polo", "pk": 24, "fields": {"created": "2022-05-29T02:52:17.688Z", "modified": "2022-05-29T02:52:17.800Z", "color": 1, "path_image": "\\polos\\default.jpg", "name_modelo": "Greenlam", "description": "nulla tempus vivamus in felis eu", "price": 59.42, "stock": 6, "talla": "L", "marcas": 4}}, {"model": "gestorPolos.polo", "pk": 25, "fields": {"created": "2022-05-29T02:52:17.900Z", "modified": "2022-05-29T02:52:18.034Z", "color": 1, "path_image": "\\polos\\default.jpg", "name_modelo": "Lotstring", "description": "nunc nisl duis bibendum felis sed", "price": 83.32, "stock": 3, "talla": "S", "marcas": 1}}, {"model": "gestorPolos.polo", "pk": 26, "fields": {"created": "2022-05-29T02:52:18.113Z", "modified": "2022-05-29T02:52:18.200Z", "color": 3, "path_image": "\\polos\\default.jpg", "name_modelo": "Lotlux", "description": "molestie hendrerit at vulputate vitae nisl aenean", "price": 53.14, "stock": 2, "talla": "S", "marcas": 2}}, {"model": "gestorPolos.polo", "pk": 27, "fields": {"created": "2022-05-29T02:52:18.280Z", "modified": "2022-05-29T02:52:18.366Z", "color": 3, "path_image": "\\polos\\default.jpg", "name_modelo": "Tampflex", "description": "est et tempus semper est quam pharetra", "price": 87.95, "stock": 2, "talla": "XL", "marcas": 3}}, {"model": "gestorPolos.polo", "pk": 28, "fields": {"created": "2022-05-29T02:52:18.451Z", "modified": "2022-05-29T02:52:18.543Z", "color": 1, "path_image": "\\polos\\default.jpg", "name_modelo": "Zoolab", "description": "eget nunc donec quis orci", "price": 92.57, "stock": 1, "talla": "L", "marcas": 4}}, {"model": "gestorPolos.polo", "pk": 29, "fields": {"created": "2022-05-29T02:52:18.638Z", "modified": "2022-05-29T02:52:18.724Z", "color": 2, "path_image": "\\polos\\default.jpg", "name_modelo": "Overhold", "description": "condimentum id luctus nec molestie sed", "price": 80.53, "stock": 7, "talla": "L", "marcas": 1}}, {"model": "gestorPolos.polo", "pk": 30, "fields": {"created": "2022-05-29T02:52:18.805Z", "modified": "2022-05-29T02:52:18.893Z", "color": 1, "path_image": "\\polos\\default.jpg", "name_modelo": "Lotlux", "description": "adipiscing molestie hendrerit at vulputate vitae nisl aenean", "price": 87.66, "stock": 6, "talla": "M", "marcas": 2}}, {"model": "gestorVentas.detailsale", "pk": 1, "fields": {"count_polo": 2, "price": 43.98, "sale": 1, "polo": 2}}, {"model": "gestorVentas.detailsale", "pk": 2, "fields": {"count_polo": 3, "price": 62.01, "sale": 1, "polo": 13}}, {"model": "gestorVentas.detailsale", "pk": 3, "fields": {"count_polo": 2, "price": 43.21, "sale": 1, "polo": 12}}, {"model": "gestorVentas.detailsale", "pk": 4, "fields": {"count_polo": 2, "price": 88.89, "sale": 1, "polo": 5}}, {"model": "gestorVentas.detailsale", "pk": 5, "fields": {"count_polo": 1, "price": 95.9, "sale": 2, "polo": 9}}, {"model": "gestorVentas.detailsale", "pk": 6, "fields": {"count_polo": 3, "price": 62.48, "sale": 2, "polo": 17}}, {"model": "gestorVentas.detailsale", "pk": 7, "fields": {"count_polo": 2, "price": 67.2, "sale": 2, "polo": 22}}, {"model": "gestorVentas.detailsale", "pk": 8, "fields": {"count_polo": 3, "price": 50.91, "sale": 2, "polo": 19}}, {"model": "gestorVentas.detailsale", "pk": 9, "fields": {"count_polo": 1, "price": 81.65, "sale": 3, "polo": 1}}, {"model": "gestorVentas.detailsale", "pk": 10, "fields": {"count_polo": 2, "price": 30.29, "sale": 3, "polo": 15}}, {"model": "gestorVentas.detailsale", "pk": 11, "fields": {"count_polo": 2, "price": 59.42, "sale": 3, "polo": 24}}, {"model": "gestorVentas.detailsale", "pk": 12, "fields": {"count_polo": 1, "price": 83.32, "sale": 3, "polo": 25}}, {"model": "gestorVentas.detailsale", "pk": 13, "fields": {"count_polo": 1, "price": 67.16, "sale": 4, "polo": 6}}, {"model": "gestorVentas.detailsale", "pk": 14, "fields": {"count_polo": 3, "price": 83.32, "sale": 4, "polo": 25}}, {"model": "gestorVentas.detailsale", "pk": 15, "fields": {"count_polo": 3, "price": 71.18, "sale": 4, "polo": 20}}, {"model": "gestorVentas.detailsale", "pk": 16, "fields": {"count_polo": 3, "price": 87.95, "sale": 4, "polo": 27}}, {"model": "gestorVentas.detailsale", "pk": 17, "fields": {"count_polo": 3, "price": 37.39, "sale": 5, "polo": 7}}, {"model": "gestorVentas.detailsale", "pk": 18, "fields": {"count_polo": 2, "price": 99.57, "sale": 5, "polo": 18}}, {"model": "gestorVentas.detailsale", "pk": 19, "fields": {"count_polo": 2, "price": 62.01, "sale": 5, "polo": 13}}, {"model": "gestorVentas.detailsale", "pk": 20, "fields": {"count_polo": 2, "price": 92.57, "sale": 5, "polo": 28}}, {"model": "gestorVentas.detailsale", "pk": 21, "fields": {"count_polo": 1, "price": 67.16, "sale": 6, "polo": 6}}, {"model": "gestorVentas.detailsale", "pk": 22, "fields": {"count_polo": 3, "price": 83.32, "sale": 6, "polo": 25}}, {"model": "gestorVentas.detailsale", "pk": 23, "fields": {"count_polo": 3, "price": 71.18, "sale": 6, "polo": 20}}, {"model": "gestorVentas.detailsale", "pk": 24, "fields": {"count_polo": 3, "price": 87.95, "sale": 6, "polo": 27}}, {"model": "gestorVentas.detailsale", "pk": 25, "fields": {"count_polo": 1, "price": 54.94, "sale": 8, "polo": 3}}, {"model": "gestorVentas.detailsale", "pk": 26, "fields": {"count_polo": 3, "price": 77.96, "sale": 8, "polo": 10}}, {"model": "gestorVentas.detailsale", "pk": 27, "fields": {"count_polo": 2, "price": 62.01, "sale": 8, "polo": 13}}, {"model": "gestorVentas.detailsale", "pk": 28, "fields": {"count_polo": 2, "price": 81.65, "sale": 9, "polo": 1}}, {"model": "gestorVentas.detailsale", "pk": 29, "fields": {"count_polo": 2, "price": 43.98, "sale": 9, "polo": 2}}, {"model": "gestorVentas.detailsale", "pk": 30, "fields": {"count_polo": 3, "price": 77.96, "sale": 10, "polo": 10}}, {"model": "gestorVentas.detailsale", "pk": 31, "fields": {"count_polo": 1, "price": 71.18, "sale": 10, "polo": 20}}, {"model": "gestorVentas.detailsale", "pk": 32, "fields": {"count_polo": 1, "price": 67.16, "sale": 13, "polo": 6}}, {"model": "gestorVentas.detailsale", "pk": 33, "fields": {"count_polo": 1, "price": 67.16, "sale": 14, "polo": 6}}, {"model": "gestorVentas.detailsale", "pk": 34, "fields": {"count_polo": 2, "price": 37.39, "sale": 14, "polo": 7}}, {"model": "auth.permission", "pk": 1, "fields": {"name": "Can add log entry", "content_type": 1, "codename": "add_logentry"}}, {"model": "auth.permission", "pk": 2, "fields": {"name": "Can change log entry", "content_type": 1, "codename": "change_logentry"}}, {"model": "auth.permission", "pk": 3, "fields": {"name": "Can delete log entry", "content_type": 1, "codename": "delete_logentry"}}, {"model": "auth.permission", "pk": 4, "fields": {"name": "Can view log entry", "content_type": 1, "codename": "view_logentry"}}, {"model": "auth.permission", "pk": 5, "fields": {"name": "Can add permission", "content_type": 2, "codename": "add_permission"}}, {"model": "auth.permission", "pk": 6, "fields": {"name": "Can change permission", "content_type": 2, "codename": "change_permission"}}, {"model": "auth.permission", "pk": 7, "fields": {"name": "Can delete permission", "content_type": 2, "codename": "delete_permission"}}, {"model": "auth.permission", "pk": 8, "fields": {"name": "Can view permission", "content_type": 2, "codename": "view_permission"}}, {"model": "auth.permission", "pk": 9, "fields": {"name": "Can add group", "content_type": 3, "codename": "add_group"}}, {"model": "auth.permission", "pk": 10, "fields": {"name": "Can change group", "content_type": 3, "codename": "change_group"}}, {"model": "auth.permission", "pk": 11, "fields": {"name": "Can delete group", "content_type": 3, "codename": "delete_group"}}, {"model": "auth.permission", "pk": 12, "fields": {"name": "Can view group", "content_type": 3, "codename": "view_group"}}, {"model": "auth.permission", "pk": 13, "fields": {"name": "Can add user", "content_type": 4, "codename": "add_user"}}, {"model": "auth.permission", "pk": 14, "fields": {"name": "Can change user", "content_type": 4, "codename": "change_user"}}, {"model": "auth.permission", "pk": 15, "fields": {"name": "Can delete user", "content_type": 4, "codename": "delete_user"}}, {"model": "auth.permission", "pk": 16, "fields": {"name": "Can view user", "content_type": 4, "codename": "view_user"}}, {"model": "auth.permission", "pk": 17, "fields": {"name": "Can add content type", "content_type": 5, "codename": "add_contenttype"}}, {"model": "auth.permission", "pk": 18, "fields": {"name": "Can change content type", "content_type": 5, "codename": "change_contenttype"}}, {"model": "auth.permission", "pk": 19, "fields": {"name": "Can delete content type", "content_type": 5, "codename": "delete_contenttype"}}, {"model": "auth.permission", "pk": 20, "fields": {"name": "Can view content type", "content_type": 5, "codename": "view_contenttype"}}, {"model": "auth.permission", "pk": 21, "fields": {"name": "Can add session", "content_type": 6, "codename": "add_session"}}, {"model": "auth.permission", "pk": 22, "fields": {"name": "Can change session", "content_type": 6, "codename": "change_session"}}, {"model": "auth.permission", "pk": 23, "fields": {"name": "Can delete session", "content_type": 6, "codename": "delete_session"}}, {"model": "auth.permission", "pk": 24, "fields": {"name": "Can view session", "content_type": 6, "codename": "view_session"}}, {"model": "auth.permission", "pk": 25, "fields": {"name": "Can add admin profile", "content_type": 7, "codename": "add_adminprofile"}}, {"model": "auth.permission", "pk": 26, "fields": {"name": "Can change admin profile", "content_type": 7, "codename": "change_adminprofile"}}, {"model": "auth.permission", "pk": 27, "fields": {"name": "Can delete admin profile", "content_type": 7, "codename": "delete_adminprofile"}}, {"model": "auth.permission", "pk": 28, "fields": {"name": "Can view admin profile", "content_type": 7, "codename": "view_adminprofile"}}, {"model": "auth.permission", "pk": 29, "fields": {"name": "Can add store affiliate", "content_type": 8, "codename": "add_storeaffiliate"}}, {"model": "auth.permission", "pk": 30, "fields": {"name": "Can change store affiliate", "content_type": 8, "codename": "change_storeaffiliate"}}, {"model": "auth.permission", "pk": 31, "fields": {"name": "Can delete store affiliate", "content_type": 8, "codename": "delete_storeaffiliate"}}, {"model": "auth.permission", "pk": 32, "fields": {"name": "Can view store affiliate", "content_type": 8, "codename": "view_storeaffiliate"}}, {"model": "auth.permission", "pk": 33, "fields": {"name": "Can add polo", "content_type": 9, "codename": "add_polo"}}, {"model": "auth.permission", "pk": 34, "fields": {"name": "Can change polo", "content_type": 9, "codename": "change_polo"}}, {"model": "auth.permission", "pk": 35, "fields": {"name": "Can delete polo", "content_type": 9, "codename": "delete_polo"}}, {"model": "auth.permission", "pk": 36, "fields": {"name": "Can view polo", "content_type": 9, "codename": "view_polo"}}, {"model": "auth.permission", "pk": 37, "fields": {"name": "Can add polo favorites", "content_type": 10, "codename": "add_polofavorites"}}, {"model": "auth.permission", "pk": 38, "fields": {"name": "Can change polo favorites", "content_type": 10, "codename": "change_polofavorites"}}, {"model": "auth.permission", "pk": 39, "fields": {"name": "Can delete polo favorites", "content_type": 10, "codename": "delete_polofavorites"}}, {"model": "auth.permission", "pk": 40, "fields": {"name": "Can view polo favorites", "content_type": 10, "codename": "view_polofavorites"}}, {"model": "auth.permission", "pk": 41, "fields": {"name": "Can add sale", "content_type": 11, "codename": "add_sale"}}, {"model": "auth.permission", "pk": 42, "fields": {"name": "Can change sale", "content_type": 11, "codename": "change_sale"}}, {"model": "auth.permission", "pk": 43, "fields": {"name": "Can delete sale", "content_type": 11, "codename": "delete_sale"}}, {"model": "auth.permission", "pk": 44, "fields": {"name": "Can view sale", "content_type": 11, "codename": "view_sale"}}, {"model": "auth.permission", "pk": 45, "fields": {"name": "Can add detail sale", "content_type": 12, "codename": "add_detailsale"}}, {"model": "auth.permission", "pk": 46, "fields": {"name": "Can change detail sale", "content_type": 12, "codename": "change_detailsale"}}, {"model": "auth.permission", "pk": 47, "fields": {"name": "Can delete detail sale", "content_type": 12, "codename": "delete_detailsale"}}, {"model": "auth.permission", "pk": 48, "fields": {"name": "Can view detail sale", "content_type": 12, "codename": "view_detailsale"}}, {"model": "auth.user", "pk": 1, "fields": {"password": "pbkdf2_sha256$180000$mexNoSQ1nbcT$tUzdgVWwSmQPLSrDjZltj+/zHRt7nVQ1ktUmVuVQChk=", "last_login": "2022-05-30T00:23:19.719Z", "is_superuser": true, "username": "root", "first_name": "", "last_name": "", "email": "root@gmail.com", "is_staff": true, "is_active": true, "date_joined": "2022-05-29T02:46:15.332Z", "groups": [], "user_permissions": []}}, {"model": "auth.user", "pk": 2, "fields": {"password": "cR8Yhl", "last_login": null, "is_superuser": false, "username": "rthackeray0", "first_name": "", "last_name": "", "email": "llyster0@mtv.com", "is_staff": false, "is_active": true, "date_joined": "2022-05-29T02:49:58.047Z", "groups": [], "user_permissions": []}}, {"model": "auth.user", "pk": 3, "fields": {"password": "fzD4YxdbWfbx", "last_login": null, "is_superuser": false, "username": "cwellsman1", "first_name": "", "last_name": "", "email": "msopper1@list-manage.com", "is_staff": false, "is_active": true, "date_joined": "2022-05-29T02:49:58.280Z", "groups": [], "user_permissions": []}}, {"model": "auth.user", "pk": 4, "fields": {"password": "GDEYU5qYN", "last_login": null, "is_superuser": false, "username": "rheadly2", "first_name": "", "last_name": "", "email": "hfaust2@opera.com", "is_staff": false, "is_active": true, "date_joined": "2022-05-29T02:49:58.496Z", "groups": [], "user_permissions": []}}, {"model": "auth.user", "pk": 5, "fields": {"password": "vU8e1D1", "last_login": null, "is_superuser": false, "username": "baitkin3", "first_name": "", "last_name": "", "email": "bveall3@globo.com", "is_staff": false, "is_active": true, "date_joined": "2022-05-29T02:49:58.694Z", "groups": [], "user_permissions": []}}, {"model": "auth.user", "pk": 6, "fields": {"password": "fJ7v8VI", "last_login": null, "is_superuser": false, "username": "scornick4", "first_name": "", "last_name": "", "email": "swaplington4@meetup.com", "is_staff": false, "is_active": true, "date_joined": "2022-05-29T02:49:58.896Z", "groups": [], "user_permissions": []}}, {"model": "auth.user", "pk": 7, "fields": {"password": "j0pVDg", "last_login": null, "is_superuser": false, "username": "atroman5", "first_name": "", "last_name": "", "email": "bguiden5@dot.gov", "is_staff": false, "is_active": true, "date_joined": "2022-05-29T02:49:59.072Z", "groups": [], "user_permissions": []}}, {"model": "auth.user", "pk": 8, "fields": {"password": "qWP7OAn", "last_login": null, "is_superuser": false, "username": "rainsworth6", "first_name": "", "last_name": "", "email": "bshackell6@liveinternet.ru", "is_staff": false, "is_active": true, "date_joined": "2022-05-29T02:49:59.260Z", "groups": [], "user_permissions": []}}, {"model": "auth.user", "pk": 9, "fields": {"password": "mkvebTh", "last_login": null, "is_superuser": false, "username": "eblaycock7", "first_name": "", "last_name": "", "email": "fmaletratt7@addtoany.com", "is_staff": false, "is_active": true, "date_joined": "2022-05-29T02:49:59.453Z", "groups": [], "user_permissions": []}}, {"model": "auth.user", "pk": 10, "fields": {"password": "ev30rUAqCj", "last_login": null, "is_superuser": false, "username": "smace8", "first_name": "", "last_name": "", "email": "sghirardi8@newsvine.com", "is_staff": false, "is_active": true, "date_joined": "2022-05-29T02:49:59.621Z", "groups": [], "user_permissions": []}}, {"model": "auth.user", "pk": 11, "fields": {"password": "GA9oucNi", "last_login": null, "is_superuser": false, "username": "soldacre9", "first_name": "", "last_name": "", "email": "hmoogan9@ucoz.ru", "is_staff": false, "is_active": true, "date_joined": "2022-05-29T02:49:59.779Z", "groups": [], "user_permissions": []}}, {"model": "auth.user", "pk": 12, "fields": {"password": "zGaSqZTv9jV", "last_login": null, "is_superuser": false, "username": "kchampa", "first_name": "", "last_name": "", "email": "iridera@phpbb.com", "is_staff": false, "is_active": true, "date_joined": "2022-05-29T02:49:59.938Z", "groups": [], "user_permissions": []}}, {"model": "auth.user", "pk": 13, "fields": {"password": "YdsETFzzC", "last_login": null, "is_superuser": false, "username": "jhaltonb", "first_name": "", "last_name": "", "email": "swhicherb@si.edu", "is_staff": false, "is_active": true, "date_joined": "2022-05-29T02:50:00.104Z", "groups": [], "user_permissions": []}}, {"model": "auth.user", "pk": 14, "fields": {"password": "aqygenu", "last_login": null, "is_superuser": false, "username": "gcluttenc", "first_name": "", "last_name": "", "email": "lmilstedc@digg.com", "is_staff": false, "is_active": true, "date_joined": "2022-05-29T02:50:00.264Z", "groups": [], "user_permissions": []}}, {"model": "auth.user", "pk": 15, "fields": {"password": "DgDKQ9aF", "last_login": null, "is_superuser": false, "username": "jshackeltond", "first_name": "", "last_name": "", "email": "mradouxd@shareasale.com", "is_staff": false, "is_active": true, "date_joined": "2022-05-29T02:50:00.426Z", "groups": [], "user_permissions": []}}, {"model": "auth.user", "pk": 16, "fields": {"password": "en1cJk9Hk1", "last_login": null, "is_superuser": false, "username": "htonnere", "first_name": "", "last_name": "", "email": "kfinnese@vistaprint.com", "is_staff": false, "is_active": true, "date_joined": "2022-05-29T02:50:00.592Z", "groups": [], "user_permissions": []}}, {"model": "auth.user", "pk": 17, "fields": {"password": "fWVDKbIqmQa", "last_login": null, "is_superuser": false, "username": "clavinf", "first_name": "", "last_name": "", "email": "bocuddief@shop-pro.jp", "is_staff": false, "is_active": true, "date_joined": "2022-05-29T02:50:00.746Z", "groups": [], "user_permissions": []}}, {"model": "auth.user", "pk": 18, "fields": {"password": "UE3oVe", "last_login": null, "is_superuser": false, "username": "bletteng", "first_name": "", "last_name": "", "email": "lrosettig@java.com", "is_staff": false, "is_active": true, "date_joined": "2022-05-29T02:50:00.908Z", "groups": [], "user_permissions": []}}, {"model": "auth.user", "pk": 19, "fields": {"password": "CYcbI5zG", "last_login": null, "is_superuser": false, "username": "mmerlinh", "first_name": "", "last_name": "", "email": "mlegraveh@miibeian.gov.cn", "is_staff": false, "is_active": true, "date_joined": "2022-05-29T02:50:01.068Z", "groups": [], "user_permissions": []}}, {"model": "auth.user", "pk": 20, "fields": {"password": "pbkdf2_sha256$180000$I3nPmd8fOzQ4$Mo9vGWnvPvoUPj5Lr7Pp8AYGYvdXKEDb37fDaa5uhBE=", "last_login": "2022-05-29T15:37:20.791Z", "is_superuser": false, "username": "clienttest", "first_name": "", "last_name": "", "email": "mbonifazioi@google.com", "is_staff": true, "is_active": true, "date_joined": "2022-05-29T02:50:01Z", "groups": [], "user_permissions": []}}, {"model": "auth.user", "pk": 21, "fields": {"password": "hkS9ExY", "last_login": null, "is_superuser": false, "username": "astivenj", "first_name": "", "last_name": "", "email": "athiemej@comcast.net", "is_staff": false, "is_active": true, "date_joined": "2022-05-29T02:50:01.418Z", "groups": [], "user_permissions": []}}, {"model": "auth.user", "pk": 22, "fields": {"password": "c0c04e", "last_login": null, "is_superuser": false, "username": "hectiris", "first_name": "Hector", "last_name": "", "email": "hector.idme@ucsp.edu.pe", "is_staff": true, "is_active": true, "date_joined": "2022-05-29T20:44:23.760Z", "groups": [], "user_permissions": []}}, {"model": "gestorUsuarios.adminprofile", "pk": 1, "fields": {"user": 2, "numberPhone": "421451493"}}, {"model": "gestorUsuarios.adminprofile", "pk": 2, "fields": {"user": 17, "numberPhone": "234370945"}}, {"model": "gestorUsuarios.adminprofile", "pk": 3, "fields": {"user": 8, "numberPhone": "354266940"}}, {"model": "gestorPolos.polofavorites", "pk": 1, "fields": {"created": "2022-05-29T02:55:22.666Z", "modified": "2022-05-29T02:55:22.783Z", "client": 4, "polo": 1}}, {"model": "gestorPolos.polofavorites", "pk": 2, "fields": {"created": "2022-05-29T02:55:22.882Z", "modified": "2022-05-29T02:55:22.983Z", "client": 10, "polo": 26}}, {"model": "gestorPolos.polofavorites", "pk": 3, "fields": {"created": "2022-05-29T02:55:23.073Z", "modified": "2022-05-29T02:55:23.168Z", "client": 15, "polo": 6}}, {"model": "gestorPolos.polofavorites", "pk": 4, "fields": {"created": "2022-05-29T02:55:23.274Z", "modified": "2022-05-29T02:55:23.358Z", "client": 6, "polo": 24}}, {"model": "gestorPolos.polofavorites", "pk": 5, "fields": {"created": "2022-05-29T02:55:23.449Z", "modified": "2022-05-29T02:55:23.542Z", "client": 1, "polo": 6}}, {"model": "gestorPolos.polofavorites", "pk": 6, "fields": {"created": "2022-05-29T02:55:23.642Z", "modified": "2022-05-29T02:55:23.741Z", "client": 19, "polo": 23}}, {"model": "gestorPolos.polofavorites", "pk": 7, "fields": {"created": "2022-05-29T02:55:23.825Z", "modified": "2022-05-29T02:55:23.917Z", "client": 7, "polo": 24}}, {"model": "gestorPolos.polofavorites", "pk": 8, "fields": {"created": "2022-05-29T02:55:24.005Z", "modified": "2022-05-29T02:55:24.091Z", "client": 18, "polo": 25}}, {"model": "gestorPolos.polofavorites", "pk": 9, "fields": {"created": "2022-05-29T02:55:24.176Z", "modified": "2022-05-29T02:55:24.266Z", "client": 1, "polo": 11}}, {"model": "gestorPolos.polofavorites", "pk": 10, "fields": {"created": "2022-05-29T02:55:24.350Z", "modified": "2022-05-29T02:55:24.442Z", "client": 5, "polo": 2}}, {"model": "gestorPolos.polofavorites", "pk": 11, "fields": {"created": "2022-05-29T02:55:24.522Z", "modified": "2022-05-29T02:55:24.617Z", "client": 14, "polo": 6}}, {"model": "gestorPolos.polofavorites", "pk": 12, "fields": {"created": "2022-05-29T02:55:24.699Z", "modified": "2022-05-29T02:55:24.783Z", "client": 21, "polo": 3}}, {"model": "gestorPolos.polofavorites", "pk": 13, "fields": {"created": "2022-05-29T02:55:24.868Z", "modified": "2022-05-29T02:55:24.958Z", "client": 20, "polo": 8}}, {"model": "gestorPolos.polofavorites", "pk": 14, "fields": {"created": "2022-05-29T02:55:25.040Z", "modified": "2022-05-29T02:55:25.123Z", "client": 16, "polo": 14}}, {"model": "gestorPolos.polofavorites", "pk": 15, "fields": {"created": "2022-05-29T02:55:25.206Z", "modified": "2022-05-29T02:55:25.291Z", "client": 9, "polo": 24}}, {"model": "gestorPolos.polofavorites", "pk": 16, "fields": {"created": "2022-05-29T02:55:25.382Z", "modified": "2022-05-29T02:55:25.475Z", "client": 18, "polo": 24}}, {"model": "gestorPolos.polofavorites", "pk": 17, "fields": {"created": "2022-05-29T02:55:25.579Z", "modified": "2022-05-29T02:55:25.754Z", "client": 5, "polo": 22}}, {"model": "gestorPolos.polofavorites", "pk": 18, "fields": {"created": "2022-05-29T02:55:25.851Z", "modified": "2022-05-29T02:55:25.947Z", "client": 5, "polo": 19}}, {"model": "gestorPolos.polofavorites", "pk": 19, "fields": {"created": "2022-05-29T02:55:26.052Z", "modified": "2022-05-29T02:55:26.147Z", "client": 9, "polo": 23}}, {"model": "gestorPolos.polofavorites", "pk": 20, "fields": {"created": "2022-05-29T02:55:26.252Z", "modified": "2022-05-29T02:55:26.363Z", "client": 16, "polo": 3}}, {"model": "gestorPolos.polofavorites", "pk": 21, "fields": {"created": "2022-05-29T02:55:26.451Z", "modified": "2022-05-29T02:55:26.554Z", "client": 5, "polo": 19}}, {"model": "gestorPolos.polofavorites", "pk": 22, "fields": {"created": "2022-05-29T02:55:26.660Z", "modified": "2022-05-29T02:55:26.754Z", "client": 15, "polo": 8}}, {"model": "gestorPolos.polofavorites", "pk": 23, "fields": {"created": "2022-05-29T02:55:26.847Z", "modified": "2022-05-29T02:55:26.929Z", "client": 10, "polo": 6}}, {"model": "gestorPolos.polofavorites", "pk": 24, "fields": {"created": "2022-05-29T02:55:27.021Z", "modified": "2022-05-29T02:55:27.105Z", "client": 10, "polo": 17}}, {"model": "gestorPolos.polofavorites", "pk": 25, "fields": {"created": "2022-05-29T02:55:27.204Z", "modified": "2022-05-29T02:55:27.287Z", "client": 10, "polo": 4}}, {"model": "gestorPolos.polofavorites", "pk": 26, "fields": {"created": "2022-05-29T02:55:27.368Z", "modified": "2022-05-29T02:55:27.453Z", "client": 7, "polo": 10}}, {"model": "gestorPolos.polofavorites", "pk": 27, "fields": {"created": "2022-05-29T02:55:27.551Z", "modified": "2022-05-29T02:55:27.639Z", "client": 12, "polo": 20}}, {"model": "gestorPolos.polofavorites", "pk": 28, "fields": {"created": "2022-05-29T02:55:27.723Z", "modified": "2022-05-29T02:55:27.819Z", "client": 4, "polo": 8}}, {"model": "gestorPolos.polofavorites", "pk": 29, "fields": {"created": "2022-05-29T02:55:27.901Z", "modified": "2022-05-29T02:55:27.988Z", "client": 5, "polo": 3}}, {"model": "gestorPolos.polofavorites", "pk": 30, "fields": {"created": "2022-05-29T02:55:28.078Z", "modified": "2022-05-29T02:55:28.171Z", "client": 1, "polo": 24}}, {"model": "gestorPolos.polofavorites", "pk": 31, "fields": {"created": "2022-05-29T02:55:28.255Z", "modified": "2022-05-29T02:55:28.354Z", "client": 14, "polo": 17}}, {"model": "gestorPolos.polofavorites", "pk": 32, "fields": {"created": "2022-05-29T02:55:28.445Z", "modified": "2022-05-29T02:55:28.537Z", "client": 7, "polo": 9}}, {"model": "gestorPolos.polofavorites", "pk": 33, "fields": {"created": "2022-05-29T02:55:28.621Z", "modified": "2022-05-29T02:55:28.712Z", "client": 4, "polo": 6}}, {"model": "gestorPolos.polofavorites", "pk": 34, "fields": {"created": "2022-05-29T02:55:28.795Z", "modified": "2022-05-29T02:55:28.887Z", "client": 10, "polo": 23}}, {"model": "gestorPolos.polofavorites", "pk": 35, "fields": {"created": "2022-05-29T02:55:28.992Z", "modified": "2022-05-29T02:55:29.097Z", "client": 12, "polo": 10}}, {"model": "gestorPolos.polofavorites", "pk": 36, "fields": {"created": "2022-05-29T02:55:29.193Z", "modified": "2022-05-29T02:55:29.296Z", "client": 1, "polo": 9}}, {"model": "gestorPolos.polofavorites", "pk": 37, "fields": {"created": "2022-05-29T02:55:29.386Z", "modified": "2022-05-29T02:55:29.481Z", "client": 19, "polo": 1}}, {"model": "gestorPolos.polofavorites", "pk": 38, "fields": {"created": "2022-05-29T02:55:29.576Z", "modified": "2022-05-29T02:55:29.670Z", "client": 5, "polo": 18}}, {"model": "gestorPolos.polofavorites", "pk": 39, "fields": {"created": "2022-05-29T02:55:29.757Z", "modified": "2022-05-29T02:55:29.845Z", "client": 16, "polo": 15}}, {"model": "gestorPolos.polofavorites", "pk": 40, "fields": {"created": "2022-05-29T02:55:29.932Z", "modified": "2022-05-29T02:55:30.020Z", "client": 3, "polo": 8}}, {"model": "gestorPolos.polofavorites", "pk": 41, "fields": {"created": "2022-05-29T02:55:30.118Z", "modified": "2022-05-29T02:55:30.205Z", "client": 13, "polo": 1}}, {"model": "gestorVentas.sale", "pk": 1, "fields": {"created": "2022-05-29T02:56:35.816Z", "modified": "2022-05-29T02:56:36.781Z", "amount": 538.19, "count": 9, "client": 7}}, {"model": "gestorVentas.sale", "pk": 2, "fields": {"created": "2022-05-29T02:57:24.875Z", "modified": "2022-05-29T02:57:25.897Z", "amount": 570.47, "count": 9, "client": 3}}, {"model": "gestorVentas.sale", "pk": 3, "fields": {"created": "2022-05-29T02:57:42.411Z", "modified": "2022-05-29T02:57:43.405Z", "amount": 344.39000000000004, "count": 6, "client": 4}}, {"model": "gestorVentas.sale", "pk": 4, "fields": {"created": "2022-05-29T02:57:58.380Z", "modified": "2022-05-29T02:57:59.353Z", "amount": 794.5100000000001, "count": 10, "client": 5}}, {"model": "gestorVentas.sale", "pk": 5, "fields": {"created": "2022-05-29T02:58:12.522Z", "modified": "2022-05-29T02:58:13.407Z", "amount": 620.47, "count": 9, "client": 6}}, {"model": "gestorVentas.sale", "pk": 6, "fields": {"created": "2022-05-29T02:58:43.139Z", "modified": "2022-05-29T02:58:44.099Z", "amount": 794.5100000000001, "count": 10, "client": 9}}, {"model": "gestorVentas.sale", "pk": 7, "fields": {"created": "2022-05-29T15:50:22.661Z", "modified": "2022-05-29T15:50:22.887Z", "amount": 0.0, "count": 0, "client": 20}}, {"model": "gestorVentas.sale", "pk": 8, "fields": {"created": "2022-05-29T15:52:10.830Z", "modified": "2022-05-29T15:52:11.364Z", "amount": 412.84, "count": 6, "client": 20}}, {"model": "gestorVentas.sale", "pk": 9, "fields": {"created": "2022-05-29T15:52:51.788Z", "modified": "2022-05-29T15:52:52.198Z", "amount": 251.26, "count": 4, "client": 20}}, {"model": "gestorVentas.sale", "pk": 10, "fields": {"created": "2022-05-29T15:55:11.323Z", "modified": "2022-05-29T15:55:11.815Z", "amount": 305.06, "count": 4, "client": 20}}, {"model": "gestorVentas.sale", "pk": 11, "fields": {"created": "2022-05-29T16:04:26.854Z", "modified": "2022-05-29T16:04:26.982Z", "amount": 0.0, "count": 0, "client": 20}}, {"model": "gestorVentas.sale", "pk": 12, "fields": {"created": "2022-05-29T16:06:36.545Z", "modified": "2022-05-29T16:06:36.652Z", "amount": 0.0, "count": 0, "client": 20}}, {"model": "gestorVentas.sale", "pk": 13, "fields": {"created": "2022-05-29T16:07:15.945Z", "modified": "2022-05-29T16:07:16.053Z", "amount": 0.0, "count": 0, "client": 20}}, {"model": "gestorVentas.sale", "pk": 14, "fields": {"created": "2022-05-29T16:07:49.232Z", "modified": "2022-05-29T16:07:49.676Z", "amount": 141.94, "count": 3, "client": 20}}, {"model": "admin.logentry", "pk": 1, "fields": {"action_time": "2022-05-29T15:36:09.244Z", "user": 1, "content_type": 4, "object_id": "20", "object_repr": "agreenani", "action_flag": 2, "change_message": "[{\"changed\": {\"fields\": [\"password\"]}}]"}}, {"model": "admin.logentry", "pk": 2, "fields": {"action_time": "2022-05-29T15:36:15.023Z", "user": 1, "content_type": 4, "object_id": "20", "object_repr": "agreenani", "action_flag": 2, "change_message": "[]"}}, {"model": "admin.logentry", "pk": 3, "fields": {"action_time": "2022-05-29T15:36:28.604Z", "user": 1, "content_type": 4, "object_id": "20", "object_repr": "clienttest", "action_flag": 2, "change_message": "[{\"changed\": {\"fields\": [\"Username\"]}}]"}}, {"model": "admin.logentry", "pk": 4, "fields": {"action_time": "2022-05-29T15:37:07.476Z", "user": 1, "content_type": 4, "object_id": "20", "object_repr": "clienttest", "action_flag": 2, "change_message": "[{\"changed\": {\"fields\": [\"Staff status\"]}}]"}}, {"model": "admin.logentry", "pk": 5, "fields": {"action_time": "2022-05-29T19:45:07.218Z", "user": 1, "content_type": 9, "object_id": "1", "object_repr": "Polo object (1)", "action_flag": 2, "change_message": "[{\"changed\": {\"fields\": [\"Path image\"]}}]"}}]